scenario,mode,profile,buses,nodes,control_hz,bitrate,cycles,wire_timing,heartbeat_ms,sdo_ms,emcy,error_probability,response_delay_us,offered_wire_load_pct,actual_bus_utilization_pct,headroom_pct,max_command_latency_us,p99_command_latency_us,max_execution_skew_us,p99_execution_skew_us,max_feedback_latency_us,p99_feedback_latency_us,command_deadline_misses,feedback_deadline_misses,retries,max_queue_depth,makespan_ms,screening
interp_rpdo4_sync_1bus_250Hz_nominal,interp_rpdo4_sync,nominal,1,6,250,1000000,5000,exact_stuffing,0,0,0,0,750,29.1184,29.1221,70.8816,567,564,0,0,1451,1447,0,0,0,6,19997.4,PASS
interp_rpdo4_sync_1bus_250Hz_wire_bound,interp_rpdo4_sync,wire_bound,1,6,250,1000000,5000,conservative_stuff_bound,0,0,0,0,750,32.875,32.8791,67.125,625,625,0,0,1535,1535,0,0,0,6,19997.5,PASS
interp_rpdo4_sync_1bus_250Hz_stress,interp_rpdo4_sync,production_stress,1,6,250,1000000,5000,exact_stuffing,100,250,1,0.0005,750,29.5826,29.5864,70.4174,680,564,0,0,1566,1448,0,0,31,8,19997.4,PASS
interp_rpdo4_sync_1bus_500Hz_nominal,interp_rpdo4_sync,nominal,1,6,500,1000000,5000,exact_stuffing,0,0,0,0,750,58.2326,58.2358,41.7674,567,564,0,0,1451,1447,0,0,0,6,9999.44,PASS
interp_rpdo4_sync_1bus_500Hz_wire_bound,interp_rpdo4_sync,wire_bound,1,6,500,1000000,5000,conservative_stuff_bound,0,0,0,0,750,65.75,65.7531,34.25,625,625,0,0,1535,1535,0,0,0,6,9999.53,PASS
interp_rpdo4_sync_1bus_500Hz_stress,interp_rpdo4_sync,production_stress,1,6,500,1000000,5000,exact_stuffing,100,250,1,0.0005,750,58.7169,58.7202,41.2831,681,564,0,0,1564,1448,0,0,34,8,9999.44,PASS
interp_rpdo4_sync_1bus_750Hz_nominal,interp_rpdo4_sync,nominal,1,6,750,1000000,5000,exact_stuffing,0,0,0,0,750,87.3538,87.3438,12.6462,1380,1374,0,0,2650,2634,726,5000,0,8,6667.42,FAIL
interp_rpdo4_sync_1bus_750Hz_wire_bound,interp_rpdo4_sync,wire_bound,1,6,750,1000000,5000,conservative_stuff_bound,0,0,0,0,750,98.625,98.6076,1.37498,2346.67,2346.67,0,0,3256.67,3256.67,2142,5000,0,9,6667.84,FAIL
interp_rpdo4_sync_1bus_750Hz_stress,interp_rpdo4_sync,production_stress,1,6,750,1000000,5000,exact_stuffing,100,250,1,0.0005,750,87.847,87.8382,12.153,2221,1374,0,0,3064,2634.01,727,5000,28,9,6667.33,FAIL
interp_rpdo4_sync_1bus_1000Hz_nominal,interp_rpdo4_sync,nominal,1,6,1000,1000000,5000,exact_stuffing,0,0,0,0,750,116.471,99.9884,-16.4706,3.47256e+06,3.44511e+06,0,0,3.47358e+06,3.44613e+06,4998,5000,0,3482,5824.2,FAIL
interp_rpdo4_sync_1bus_1000Hz_wire_bound,interp_rpdo4_sync,wire_bound,1,6,1000,1000000,5000,conservative_stuff_bound,0,0,0,0,750,131.5,99.9896,-31.5,5.24856e+06,5.2117e+06,0,0,5.24946e+06,5.21257e+06,4999,5000,0,6195,6575.69,FAIL
interp_rpdo4_sync_1bus_1000Hz_stress,interp_rpdo4_sync,production_stress,1,6,1000,1000000,5000,exact_stuffing,100,250,1,0.0005,750,116.975,99.9962,-16.9745,5.61701e+06,3.45584e+06,0,0,5.61792e+06,3.45666e+06,4998,5000,25,3811,5848.94,FAIL
interp_rpdo4_sync_2bus_250Hz_nominal,interp_rpdo4_sync,nominal,2,6,250,1000000,5000,exact_stuffing,0,0,0,0,750,15.2097,15.2118,84.7903,311,309,0,0,1146,1143,0,0,0,3,19997.1,PASS
interp_rpdo4_sync_2bus_250Hz_wire_bound,interp_rpdo4_sync,wire_bound,2,6,250,1000000,5000,conservative_stuff_bound,0,0,0,0,750,17.125,17.1274,82.875,340,340,0,0,1190,1190,0,0,0,3,19997.2,PASS
interp_rpdo4_sync_2bus_250Hz_stress,interp_rpdo4_sync,production_stress,2,6,250,1000000,5000,exact_stuffing,100,250,1,0.0005,750,15.4426,15.4448,84.5574,426,362,68,56,1261,1144,0,0,33,5,19997.1,PASS
interp_rpdo4_sync_2bus_500Hz_nominal,interp_rpdo4_sync,nominal,2,6,500,1000000,5000,exact_stuffing,0,0,0,0,750,30.4163,30.4189,69.5837,312,309,0,0,1147,1143,0,0,0,3,9999.14,PASS
interp_rpdo4_sync_2bus_500Hz_wire_bound,interp_rpdo4_sync,wire_bound,2,6,500,1000000,5000,conservative_stuff_bound,0,0,0,0,750,34.25,34.2528,65.75,340,340,0,0,1190,1190,0,0,0,3,9999.19,PASS
interp_rpdo4_sync_2bus_500Hz_stress,interp_rpdo4_sync,production_stress,2,6,500,1000000,5000,exact_stuffing,100,250,1,0.0005,750,30.6593,30.6619,69.3407,426,363,120,56.01,1262,1144,0,0,39,5,9999.14,PASS
interp_rpdo4_sync_2bus_750Hz_nominal,interp_rpdo4_sync,nominal,2,6,750,1000000,5000,exact_stuffing,0,0,0,0,750,45.6275,45.6289,54.3725,312,309,0,0,1146,1143,0,0,0,3,6666.47,PASS
interp_rpdo4_sync_2bus_750Hz_wire_bound,interp_rpdo4_sync,wire_bound,2,6,750,1000000,5000,conservative_stuff_bound,0,0,0,0,750,51.375,51.3761,48.625,340,340,0,0,1190,1190,0,0,0,3,6666.52,PASS
interp_rpdo4_sync_2bus_750Hz_stress,interp_rpdo4_sync,production_stress,2,6,750,1000000,5000,exact_stuffing,100,250,1,0.0005,750,45.8791,45.8804,54.1209,427,362,68,56,1262,1144,0,0,36,4,6666.47,PASS
interp_rpdo4_sync_2bus_1000Hz_nominal,interp_rpdo4_sync,nominal,2,6,1000,1000000,5000,exact_stuffing,0,0,0,0,750,60.8301,60.8268,39.1699,619,614,104,101,1516,1511,0,5000,0,4,5000.27,PASS
interp_rpdo4_sync_2bus_1000Hz_wire_bound,interp_rpdo4_sync,wire_bound,2,6,1000,1000000,5000,conservative_stuff_bound,0,0,0,0,750,68.5,68.4948,31.5,685,685,0,0,1570,1570,0,5000,0,4,5000.38,PASS
interp_rpdo4_sync_2bus_1000Hz_stress,interp_rpdo4_sync,production_stress,2,6,1000,1000000,5000,exact_stuffing,100,250,1,0.0005,750,61.0856,61.0806,38.9144,729,616,118,100,1614,1510,0,5000,31,5,5000.41,PASS
async_position_rpdo1_1bus_250Hz_nominal,async_position_rpdo1,nominal,1,6,250,1000000,5000,exact_stuffing,0,0,0,0,750,31.8954,31.8993,68.1046,679,675,568,563,1532,1526,0,0,0,6,19997.5,PASS
async_position_rpdo1_1bus_250Hz_wire_bound,async_position_rpdo1,wire_bound,1,6,250,1000000,5000,conservative_stuff_bound,0,0,0,0,750,36,36.0043,64,750,750,625,625,1615,1615,0,0,0,6,19997.6,PASS
async_position_rpdo1_1bus_250Hz_stress,async_position_rpdo1,production_stress,1,6,250,1000000,5000,exact_stuffing,100,250,1,0.0005,750,32.3616,32.3656,67.6384,804,675,694,564,1683,1600,0,0,30,8,19997.5,PASS
async_position_rpdo1_1bus_500Hz_nominal,async_position_rpdo1,nominal,1,6,500,1000000,5000,exact_stuffing,0,0,0,0,750,63.7844,63.7874,36.2156,678,675,566,563,1530,1526,0,0,0,6,9999.52,PASS
async_position_rpdo1_1bus_500Hz_wire_bound,async_position_rpdo1,wire_bound,1,6,500,1000000,5000,conservative_stuff_bound,0,0,0,0,750,72,72.0028,28,750,750,625,625,1615,1615,0,0,0,6,9999.61,CAUTION
async_position_rpdo1_1bus_500Hz_stress,async_position_rpdo1,production_stress,1,6,500,1000000,5000,exact_stuffing,100,250,1,0.0005,750,64.2713,64.2744,35.7287,802,732,690,564,1688,1600.01,0,0,32,8,9999.52,PASS
async_position_rpdo1_1bus_750Hz_nominal,async_position_rpdo1,nominal,1,6,750,1000000,5000,exact_stuffing,0,0,0,0,750,95.681,95.6711,4.319,1385,1182,1274,1070,2237,2077.33,1,5000,0,6,6667.35,FAIL
async_position_rpdo1_1bus_750Hz_wire_bound,async_position_rpdo1,wire_bound,1,6,750,1000000,5000,conservative_stuff_bound,0,0,0,0,750,108,99.9903,-8.00003,2.96256e+06,2.93458e+06,2.96244e+06,2.93438e+06,2.9635e+06,2.93551e+06,4998,5000,0,2228,7200.69,FAIL
async_position_rpdo1_1bus_750Hz_stress,async_position_rpdo1,production_stress,1,6,750,1000000,5000,exact_stuffing,100,250,1,0.0005,750,96.1794,96.1695,3.82058,1411,1342,1300,1167,2459,2248.36,56,5000,26,8,6667.35,FAIL
async_position_rpdo1_1bus_1000Hz_nominal,async_position_rpdo1,nominal,1,6,1000,1000000,5000,exact_stuffing,0,0,0,0,750,127.569,99.9914,-27.5689,5.31248e+06,5.27313e+06,5.31229e+06,5.27284e+06,5.31343e+06,5.27409e+06,4999,5000,0,6488,6378.99,FAIL
async_position_rpdo1_1bus_1000Hz_wire_bound,async_position_rpdo1,wire_bound,1,6,1000,1000000,5000,conservative_stuff_bound,0,0,0,0,750,144,99.9893,-44,5.99916e+06,5.96105e+06,5.99892e+06,5.96089e+06,6.00012e+06,5.962e+06,4999,5000,0,9170,7200.77,FAIL
async_position_rpdo1_1bus_1000Hz_stress,async_position_rpdo1,production_stress,1,6,1000,1000000,5000,exact_stuffing,100,250,1,0.0005,750,128.071,99.9977,-28.0714,5.31477e+06,5.27543e+06,5.31459e+06,5.27513e+06,5.31572e+06,5.27638e+06,4999,5000,22,6818,6403.71,FAIL
async_position_rpdo1_2bus_250Hz_nominal,async_position_rpdo1,nominal,2,6,250,1000000,5000,exact_stuffing,0,0,0,0,750,15.9614,15.9637,84.0386,342,339,231,228,1195,1191,0,0,0,3,19997.2,PASS
async_position_rpdo1_2bus_250Hz_wire_bound,async_position_rpdo1,wire_bound,2,6,250,1000000,5000,conservative_stuff_bound,0,0,0,0,750,18,18.0025,82,375,375,250,250,1240,1240,0,0,0,3,19997.2,PASS
async_position_rpdo1_2bus_250Hz_stress,async_position_rpdo1,production_stress,2,6,250,1000000,5000,exact_stuffing,100,250,1,0.0005,750,16.1969,16.1991,83.8031,467,339,357,229,1320,1297,0,0,29,5,19997.2,PASS
async_position_rpdo1_2bus_500Hz_nominal,async_position_rpdo1,nominal,2,6,500,1000000,5000,exact_stuffing,0,0,0,0,750,31.9168,31.9194,68.0832,341,339,231,228,1194,1191,0,0,0,3,9999.18,PASS
async_position_rpdo1_2bus_500Hz_wire_bound,async_position_rpdo1,wire_bound,2,6,500,1000000,5000,conservative_stuff_bound,0,0,0,0,750,36,36.0027,64,375,375,250,250,1240,1240,0,0,0,3,9999.24,PASS
async_position_rpdo1_2bus_500Hz_stress,async_position_rpdo1,production_stress,2,6,500,1000000,5000,exact_stuffing,100,250,1,0.0005,750,32.1612,32.1638,67.8388,469,398,359,286.01,1319,1296.01,0,0,35,5,9999.18,PASS
async_position_rpdo1_2bus_750Hz_nominal,async_position_rpdo1,nominal,2,6,750,1000000,5000,exact_stuffing,0,0,0,0,750,47.8782,47.8793,52.1218,341,339,231,229,1193,1191,0,0,0,3,6666.52,PASS
async_position_rpdo1_2bus_750Hz_wire_bound,async_position_rpdo1,wire_bound,2,6,750,1000000,5000,conservative_stuff_bound,0,0,0,0,750,54,54.0008,46,375,375,250,250,1240,1240,0,0,0,3,6666.57,PASS
async_position_rpdo1_2bus_750Hz_stress,async_position_rpdo1,production_stress,2,6,750,1000000,5000,exact_stuffing,100,250,1,0.0005,750,48.1335,48.1346,51.8665,591,340,480,229,1545.33,1193,0,1,31,4,6666.52,PASS
async_position_rpdo1_2bus_1000Hz_nominal,async_position_rpdo1,nominal,2,6,1000,1000000,5000,exact_stuffing,0,0,0,0,750,63.8254,63.8204,36.1746,586,543,475,432,1548,1431,0,5000,0,3,5000.39,PASS
async_position_rpdo1_2bus_1000Hz_wire_bound,async_position_rpdo1,wire_bound,2,6,1000,1000000,5000,conservative_stuff_bound,0,0,0,0,750,72,71.9932,28,710,605,480,480,1585,1480,0,5000,0,4,5000.47,CAUTION
async_position_rpdo1_2bus_1000Hz_stress,async_position_rpdo1,production_stress,2,6,1000,1000000,5000,exact_stuffing,100,250,1,0.0005,750,64.0873,64.0823,35.9127,668,576,557,464,1555,1525.01,0,5000,26,5,5000.39,PASS
